{
    "predict_bleu-4": 49.9742936,
    "predict_rouge-1": 71.415129,
    "predict_rouge-2": 50.486234100000004,
    "predict_rouge-l": 57.613742699999996,
    "predict_runtime": 2534.5011,
    "predict_samples_per_second": 0.395,
    "predict_steps_per_second": 0.197
}